first_name,last_name,dob,address
Samuel,Smith,1975-09-01,"680 Flinders Court, Newtown, NSW, Australia"
Ethan,White,1965-03-16,"488 Harbour Drive, South Yarra, VIC, Australia"
Grace,Campbell,1977-10-30,"769 Grove Avenue, Footscray, VIC, Australia"
Samuel,Taylor,2003-07-06,"63 Bourke Street, Paddington, NSW, Australia"
Grace,Scott,1994-12-16,"681 Pacific Terrace, Docklands, VIC, Australia"
Samuel,Baker,1974-07-07,"346 Bay Parade, Richmond, VIC, Australia"
Noah,Walker,2002-04-05,"255 Oxford Drive, Moonee Ponds, VIC, Australia"
Oliver,Kelly,1983-10-12,"538 Spencer Road, Sunshine, VIC, Australia"
Samuel,Thompson,1992-08-22,"197 Harbour Terrace, Hawthorn, VIC, Australia"
Amelia,Murphy,1979-04-07,"45 Princes Avenue, Chatswood, NSW, Australia"
Olivia,Moore,1988-05-20,"689 Ocean Lane, Kew, VIC, Australia"
William,Ryan,1969-10-15,"4 King Way, Cronulla, NSW, Australia"
Lucas,Clarke,1986-07-09,"161 Pacific Road, Paddington, NSW, Australia"
Olivia,Murphy,1988-11-21,"368 Chapel Place, Melbourne, VIC, Australia"
Ava,Young,1980-05-02,"759 Swanston Road, Docklands, VIC, Australia"
Ella,Martin,1989-01-08,"966 Flinders Way, Essendon, VIC, Australia"
Charlotte,Cooper,1991-05-11,"572 Grove Drive, Parramatta, NSW, Australia"
Oscar,Smith,1988-12-09,"860 Oxford Parade, Chatswood, NSW, Australia"
Henry,Smith,1970-03-11,"681 Lygon Crescent, Camberwell, VIC, Australia"
Olivia,Kelly,1985-04-09,"121 Bay Avenue, Williamstown, VIC, Australia"
Henry,Edwards,1999-04-21,"100 Bourke Place, Yarraville, VIC, Australia"
Zoe,Robinson,1980-09-21,"675 Pacific Lane, Paddington, NSW, Australia"
James,Thompson,1987-07-26,"854 Bourke Avenue, Chatswood, NSW, Australia"
Liam,Cooper,1990-09-06,"473 Grove Lane, Marrickville, NSW, Australia"
Emily,Brown,1973-02-18,"133 George Lane, St Kilda, VIC, Australia"
Charlotte,Clarke,2002-05-26,"626 Collins Street, Yarraville, VIC, Australia"
Ella,King,1964-05-19,"195 Chapel Lane, Kogarah, NSW, Australia"
Noah,Campbell,2002-12-04,"984 Swanston Avenue, Collingwood, VIC, Australia"
Jack,Young,1963-07-31,"592 Pitt Parade, Kew, VIC, Australia"
Amelia,Thompson,1998-11-25,"592 Victoria Parade, Yarraville, VIC, Australia"
Ruby,Wright,1985-10-10,"233 George Court, Kew, VIC, Australia"
Liam,Evans,1972-06-05,"793 Garden Lane, Mosman, NSW, Australia"
Ethan,Mitchell,1962-11-14,"428 Hill Way, Coogee, NSW, Australia"
Lucas,Walker,1970-03-27,"812 Bridge Crescent, Hawthorn, VIC, Australia"
Henry,Jones,1965-08-23,"422 River Street, Southbank, VIC, Australia"
Amelia,Edwards,1966-11-08,"90 Pacific Crescent, Moonee Ponds, VIC, Australia"
Samuel,Baker,1975-05-24,"28 Spencer Place, Melbourne, VIC, Australia"
Matilda,White,1980-11-28,"549 Princes Terrace, Balmain, NSW, Australia"
Emily,King,1970-10-03,"679 River Street, Collingwood, VIC, Australia"
Liam,Cooper,1997-08-24,"667 Swanston Road, Burwood, NSW, Australia"
Matilda,Smith,2003-04-17,"135 Ocean Parade, Moonee Ponds, VIC, Australia"
Ava,Young,1961-11-13,"563 Collins Crescent, Prahran, VIC, Australia"
Matilda,Clarke,1972-08-05,"820 Park Crescent, Moonee Ponds, VIC, Australia"
Chloe,Jones,1960-06-09,"312 King Court, Manly, NSW, Australia"
Amelia,Johnson,2001-04-25,"763 Lygon Street, Paddington, NSW, Australia"
Mia,Harris,1980-01-20,"919 Lygon Terrace, Surry Hills, NSW, Australia"
Liam,Walker,2000-12-20,"461 High Way, Richmond, VIC, Australia"
Ruby,Taylor,1992-07-27,"150 Bridge Lane, Mosman, NSW, Australia"
Zoe,Williams,1992-08-08,"59 Collins Lane, Kew, VIC, Australia"
Matilda,Mitchell,1961-06-16,"188 Castlereagh Court, Bendigo, VIC, Australia"
